<?xml version="1.0" encoding="utf-8"?>
<odoo>
    <data noupdate="1">
        <record id="product_product_cargo" model="product.product">
            <field name="name">Cargo Product</field>
            <field name="default_code">cargo_product</field>
            <field name="type">service</field>
            <field name="sale_ok" eval="True"/>
            <field name="purchase_ok" eval="False"/>
            <field name="list_price">0.0</field>
            <field name="invoice_policy">order</field>
        </record>
    </data>
</odoo>
